fill_date,gap_size_pct,gap_direction,filled,minutes_to_fill,year,gap_bucket
2020-01-03,1.142,gap_down,False,,2020,[1.0%+]
2020-01-06,0.5955,gap_down,True,,2020,[0.4%-0.6%)
2020-01-09,0.527,gap_up,False,,2020,[0.4%-0.6%)
2020-01-13,0.2088,gap_up,False,,2020,[0.2%-0.4%)
2020-01-16,0.4601,gap_up,False,,2020,[0.4%-0.6%)
2020-01-17,0.2357,gap_up,True,,2020,[0.2%-0.4%)
2020-01-21,0.3163,gap_down,True,,2020,[0.2%-0.4%)
2020-01-22,0.2837,gap_up,True,,2020,[0.2%-0.4%)
2020-01-23,0.2143,gap_down,True,,2020,[0.2%-0.4%)
2020-01-24,0.2171,gap_up,True,,2020,[0.2%-0.4%)
2020-01-27,1.7459,gap_down,False,,2020,[1.0%+]
2020-01-28,0.4822,gap_up,False,,2020,[0.4%-0.6%)
2020-01-29,0.4558,gap_up,True,,2020,[0.4%-0.6%)
2020-01-30,0.6919,gap_down,True,,2020,[0.6%-1.0%)
2020-01-31,0.2075,gap_down,False,,2020,[0.2%-0.4%)
2020-02-03,0.5035,gap_up,False,,2020,[0.4%-0.6%)
2020-02-04,1.2187,gap_up,False,,2020,[1.0%+]
2020-02-05,0.9755,gap_up,False,,2020,[0.6%-1.0%)
2020-02-06,0.3155,gap_up,True,,2020,[0.2%-0.4%)
2020-02-07,0.3473,gap_down,True,,2020,[0.2%-0.4%)
2020-02-10,0.292,gap_down,True,,2020,[0.2%-0.4%)
2020-02-11,0.4422,gap_up,True,,2020,[0.4%-0.6%)
2020-02-12,0.4683,gap_up,False,,2020,[0.4%-0.6%)
2020-02-13,0.4623,gap_down,True,,2020,[0.4%-0.6%)
2020-02-18,0.3229,gap_down,True,,2020,[0.2%-0.4%)
2020-02-19,0.3148,gap_up,False,,2020,[0.2%-0.4%)
2020-02-21,0.4392,gap_down,False,,2020,[0.4%-0.6%)
2020-02-24,3.1006,gap_down,True,,2020,[1.0%+]
2020-02-25,0.4714,gap_up,True,,2020,[0.4%-0.6%)
2020-02-26,0.4894,gap_up,True,,2020,[0.4%-0.6%)
2020-02-27,1.939,gap_down,True,,2020,[1.0%+]
2020-02-28,2.9612,gap_down,True,,2020,[1.0%+]
2020-03-02,0.6582,gap_up,True,,2020,[0.6%-1.0%)
2020-03-04,1.9584,gap_up,False,,2020,[1.0%+]
2020-03-05,2.5187,gap_down,False,,2020,[1.0%+]
2020-03-06,3.0781,gap_down,False,,2020,[1.0%+]
2020-03-09,7.4497,gap_down,False,,2020,[1.0%+]
2020-03-10,3.7961,gap_up,True,,2020,[1.0%+]
2020-03-11,2.6767,gap_down,False,,2020,[1.0%+]
2020-03-12,6.6919,gap_down,False,,2020,[1.0%+]
2020-03-13,6.0376,gap_up,False,,2020,[1.0%+]
2020-03-16,10.4485,gap_down,False,,2020,[1.0%+]
2020-03-17,2.1638,gap_up,True,,2020,[1.0%+]
2020-03-18,6.5467,gap_down,False,,2020,[1.0%+]
2020-03-19,0.3125,gap_down,True,,2020,[0.2%-0.4%)
2020-03-20,0.8399,gap_up,True,,2020,[0.6%-1.0%)
2020-03-23,0.2666,gap_down,True,,2020,[0.2%-0.4%)
2020-03-24,5.1447,gap_up,False,,2020,[1.0%+]
2020-03-25,0.7074,gap_up,True,,2020,[0.6%-1.0%)
2020-03-26,1.1062,gap_up,False,,2020,[1.0%+]
2020-03-27,3.036,gap_down,False,,2020,[1.0%+]
2020-03-30,0.8997,gap_up,False,,2020,[0.6%-1.0%)
2020-03-31,0.4166,gap_down,True,,2020,[0.4%-0.6%)
2020-04-01,3.7905,gap_down,False,,2020,[1.0%+]
2020-04-02,0.39,gap_down,True,,2020,[0.2%-0.4%)
2020-04-03,0.4249,gap_down,True,,2020,[0.4%-0.6%)
2020-04-06,3.8881,gap_up,True,,2020,[1.0%+]
2020-04-07,3.5302,gap_up,False,,2020,[1.0%+]
2020-04-08,1.0674,gap_up,False,,2020,[1.0%+]
2020-04-09,1.2955,gap_up,False,,2020,[1.0%+]
2020-04-13,0.381,gap_down,False,,2020,[0.2%-0.4%)
2020-04-14,1.9299,gap_up,True,,2020,[1.0%+]
2020-04-15,2.1918,gap_down,True,,2020,[1.0%+]
2020-04-16,0.5004,gap_up,True,,2020,[0.4%-0.6%)
2020-04-17,2.2501,gap_up,False,,2020,[1.0%+]
2020-04-20,1.406,gap_down,True,,2020,[1.0%+]
2020-04-21,1.7259,gap_down,False,,2020,[1.0%+]
2020-04-22,1.9448,gap_up,False,,2020,[1.0%+]
2020-04-23,0.498,gap_up,True,,2020,[0.4%-0.6%)
2020-04-24,0.5912,gap_up,True,,2020,[0.4%-0.6%)
2020-04-27,0.7598,gap_up,False,,2020,[0.6%-1.0%)
2020-04-28,1.383,gap_up,True,,2020,[1.0%+]
2020-04-29,2.0299,gap_up,False,,2020,[1.0%+]
2020-04-30,0.5116,gap_down,True,,2020,[0.4%-0.6%)
2020-05-01,1.7798,gap_down,True,,2020,[1.0%+]
2020-05-04,0.7249,gap_down,True,,2020,[0.6%-1.0%)
2020-05-05,1.0826,gap_up,False,,2020,[1.0%+]
2020-05-06,0.6464,gap_up,True,,2020,[0.6%-1.0%)
2020-05-07,1.2313,gap_up,False,,2020,[1.0%+]
2020-05-08,1.1853,gap_up,False,,2020,[1.0%+]
2020-05-11,0.7181,gap_down,True,,2020,[0.6%-1.0%)
2020-05-12,0.441,gap_up,True,,2020,[0.4%-0.6%)
2020-05-13,0.2128,gap_down,True,,2020,[0.2%-0.4%)
2020-05-14,0.941,gap_down,True,,2020,[0.6%-1.0%)
2020-05-15,0.9124,gap_down,True,,2020,[0.6%-1.0%)
2020-05-18,2.3648,gap_up,False,,2020,[1.0%+]
2020-05-19,0.2203,gap_down,True,,2020,[0.2%-0.4%)
2020-05-20,1.3186,gap_up,False,,2020,[1.0%+]
2020-05-26,2.1967,gap_up,False,,2020,[1.0%+]
2020-05-27,1.0165,gap_up,True,,2020,[1.0%+]
2020-05-28,0.369,gap_up,True,,2020,[0.2%-0.4%)
2020-06-01,0.23,gap_down,True,,2020,[0.2%-0.4%)
2020-06-02,0.3273,gap_up,True,,2020,[0.2%-0.4%)
2020-06-03,0.7011,gap_up,False,,2020,[0.6%-1.0%)
2020-06-04,0.3428,gap_down,True,,2020,[0.2%-0.4%)
2020-06-05,1.8853,gap_up,False,,2020,[1.0%+]
2020-06-08,0.2756,gap_up,False,,2020,[0.2%-0.4%)
2020-06-09,0.8973,gap_down,True,,2020,[0.6%-1.0%)
2020-06-11,2.3636,gap_down,False,,2020,[1.0%+]
2020-06-12,2.5382,gap_up,True,,2020,[1.0%+]
2020-06-15,2.0348,gap_down,True,,2020,[1.0%+]
2020-06-16,2.7455,gap_up,False,,2020,[1.0%+]
2020-06-17,0.3547,gap_up,True,,2020,[0.2%-0.4%)
2020-06-18,0.5294,gap_down,True,,2020,[0.4%-0.6%)
2020-06-19,0.7666,gap_up,True,,2020,[0.6%-1.0%)
2020-06-22,0.2106,gap_down,True,,2020,[0.2%-0.4%)
2020-06-23,0.924,gap_up,False,,2020,[0.6%-1.0%)
2020-06-24,0.7082,gap_down,False,,2020,[0.6%-1.0%)
2020-06-25,0.2039,gap_down,True,,2020,[0.2%-0.4%)
2020-06-26,0.3872,gap_down,False,,2020,[0.2%-0.4%)
2020-06-29,0.4533,gap_up,True,,2020,[0.4%-0.6%)
2020-07-01,0.3924,gap_up,False,,2020,[0.2%-0.4%)
2020-07-02,1.198,gap_up,False,,2020,[1.0%+]
2020-07-06,1.3259,gap_up,False,,2020,[1.0%+]
2020-07-07,0.5267,gap_down,True,,2020,[0.4%-0.6%)
2020-07-08,0.2645,gap_up,True,,2020,[0.2%-0.4%)
2020-07-09,0.2087,gap_up,True,,2020,[0.2%-0.4%)
2020-07-13,0.7998,gap_up,True,,2020,[0.6%-1.0%)
2020-07-14,0.4891,gap_down,True,,2020,[0.4%-0.6%)
2020-07-15,1.0943,gap_up,False,,2020,[1.0%+]
2020-07-16,0.64,gap_down,False,,2020,[0.6%-1.0%)
2020-07-17,0.3398,gap_up,True,,2020,[0.2%-0.4%)
2020-07-21,0.6568,gap_up,True,,2020,[0.6%-1.0%)
2020-07-24,0.6224,gap_down,False,,2020,[0.6%-1.0%)
2020-07-27,0.2337,gap_up,True,,2020,[0.2%-0.4%)
2020-07-28,0.2444,gap_down,True,,2020,[0.2%-0.4%)
2020-07-29,0.2958,gap_up,False,,2020,[0.2%-0.4%)
2020-07-30,0.9904,gap_down,False,,2020,[0.6%-1.0%)
2020-07-31,0.5988,gap_up,True,,2020,[0.4%-0.6%)
2020-08-03,0.5513,gap_up,False,,2020,[0.4%-0.6%)
2020-08-04,0.2829,gap_down,True,,2020,[0.2%-0.4%)
2020-08-05,0.4272,gap_up,False,,2020,[0.4%-0.6%)
2020-08-07,0.3141,gap_down,True,,2020,[0.2%-0.4%)
2020-08-11,0.3814,gap_up,True,,2020,[0.2%-0.4%)
2020-08-12,0.7933,gap_up,False,,2020,[0.6%-1.0%)
2020-08-13,0.246,gap_down,True,,2020,[0.2%-0.4%)
2020-08-17,0.3266,gap_up,False,,2020,[0.2%-0.4%)
2020-08-20,0.5545,gap_down,True,,2020,[0.4%-0.6%)
2020-08-24,0.7777,gap_up,True,,2020,[0.6%-1.0%)
2020-08-27,0.2704,gap_up,True,,2020,[0.2%-0.4%)
2020-08-28,0.3187,gap_up,True,,2020,[0.2%-0.4%)
2020-09-01,0.2576,gap_up,True,,2020,[0.2%-0.4%)
2020-09-02,0.5871,gap_up,False,,2020,[0.4%-0.6%)
2020-09-03,0.5116,gap_down,False,,2020,[0.4%-0.6%)
2020-09-04,0.2142,gap_up,True,,2020,[0.2%-0.4%)
2020-09-08,1.7106,gap_down,True,,2020,[1.0%+]
2020-09-09,1.3025,gap_up,False,,2020,[1.0%+]
2020-09-10,0.5974,gap_up,True,,2020,[0.4%-0.6%)
2020-09-11,0.578,gap_up,True,,2020,[0.4%-0.6%)
2020-09-14,1.0268,gap_up,False,,2020,[1.0%+]
2020-09-15,0.7859,gap_up,False,,2020,[0.6%-1.0%)
2020-09-16,0.3939,gap_up,True,,2020,[0.2%-0.4%)
2020-09-17,1.5524,gap_down,False,,2020,[1.0%+]
2020-09-21,1.497,gap_down,False,,2020,[1.0%+]
2020-09-22,0.4893,gap_up,True,,2020,[0.4%-0.6%)
2020-09-24,0.4401,gap_down,True,,2020,[0.4%-0.6%)
2020-09-25,0.2844,gap_down,True,,2020,[0.2%-0.4%)
2020-09-28,1.3659,gap_up,False,,2020,[1.0%+]
2020-09-30,0.2166,gap_up,False,,2020,[0.2%-0.4%)
2020-10-01,0.8361,gap_up,False,,2020,[0.6%-1.0%)
2020-10-02,1.5844,gap_down,False,,2020,[1.0%+]
2020-10-05,0.665,gap_up,False,,2020,[0.6%-1.0%)
2020-10-07,0.9524,gap_up,False,,2020,[0.6%-1.0%)
2020-10-08,0.6133,gap_up,False,,2020,[0.6%-1.0%)
2020-10-09,0.5178,gap_up,False,,2020,[0.4%-0.6%)
2020-10-12,0.79,gap_up,False,,2020,[0.6%-1.0%)
2020-10-15,1.2129,gap_down,True,,2020,[1.0%+]
2020-10-16,0.4201,gap_up,True,,2020,[0.4%-0.6%)
2020-10-19,0.3916,gap_up,True,,2020,[0.2%-0.4%)
2020-10-20,0.424,gap_up,False,,2020,[0.4%-0.6%)
2020-10-23,0.383,gap_up,True,,2020,[0.2%-0.4%)
2020-10-26,1.0556,gap_down,False,,2020,[1.0%+]
2020-10-28,1.8095,gap_down,True,,2020,[1.0%+]
2020-10-30,0.5152,gap_down,False,,2020,[0.4%-0.6%)
2020-11-02,1.1208,gap_up,False,,2020,[1.0%+]
2020-11-03,1.0569,gap_up,False,,2020,[1.0%+]
2020-11-04,1.4374,gap_up,False,,2020,[1.0%+]
2020-11-05,1.6592,gap_up,False,,2020,[1.0%+]
2020-11-09,3.9439,gap_up,False,,2020,[1.0%+]
2020-11-10,0.3018,gap_down,True,,2020,[0.2%-0.4%)
2020-11-11,0.6666,gap_up,False,,2020,[0.6%-1.0%)
2020-11-12,0.3056,gap_down,True,,2020,[0.2%-0.4%)
2020-11-13,0.5832,gap_up,False,,2020,[0.4%-0.6%)
2020-11-16,0.8042,gap_up,False,,2020,[0.6%-1.0%)
2020-11-17,0.7171,gap_down,False,,2020,[0.6%-1.0%)
2020-11-23,0.5488,gap_up,True,,2020,[0.4%-0.6%)
2020-11-24,0.7693,gap_up,False,,2020,[0.6%-1.0%)
2020-11-27,0.3254,gap_up,True,,2020,[0.2%-0.4%)
2020-11-30,0.231,gap_down,False,,2020,[0.2%-0.4%)
2020-12-01,0.9695,gap_up,False,,2020,[0.6%-1.0%)
2020-12-02,0.3278,gap_down,True,,2020,[0.2%-0.4%)
2020-12-07,0.2244,gap_down,False,,2020,[0.2%-0.4%)
2020-12-08,0.3712,gap_down,True,,2020,[0.2%-0.4%)
2020-12-10,0.4034,gap_down,True,,2020,[0.4%-0.6%)
2020-12-11,0.499,gap_down,True,,2020,[0.4%-0.6%)
2020-12-14,0.6388,gap_up,True,,2020,[0.6%-1.0%)
2020-12-15,0.7514,gap_up,False,,2020,[0.6%-1.0%)
2020-12-17,0.4782,gap_up,False,,2020,[0.4%-0.6%)
2020-12-18,0.3412,gap_down,False,,2020,[0.2%-0.4%)
2020-12-21,1.1404,gap_down,True,,2020,[1.0%+]
2020-12-23,0.2832,gap_up,True,,2020,[0.2%-0.4%)
2020-12-28,0.7425,gap_up,False,,2020,[0.6%-1.0%)
2020-12-29,0.4407,gap_up,True,,2020,[0.4%-0.6%)
2020-12-30,0.2369,gap_up,False,,2020,[0.2%-0.4%)
2021-01-04,0.3825,gap_up,True,,2021,[0.2%-0.4%)
2021-01-06,0.4363,gap_down,True,,2021,[0.4%-0.6%)
2021-01-07,0.6826,gap_up,False,,2021,[0.6%-1.0%)
2021-01-08,0.393,gap_up,True,,2021,[0.2%-0.4%)
2021-01-11,0.8944,gap_down,False,,2021,[0.6%-1.0%)
2021-01-14,0.2106,gap_up,True,,2021,[0.2%-0.4%)
2021-01-15,0.4598,gap_down,False,,2021,[0.4%-0.6%)
2021-01-19,0.7027,gap_up,False,,2021,[0.6%-1.0%)
2021-01-20,0.6497,gap_up,False,,2021,[0.6%-1.0%)
2021-01-22,0.5179,gap_down,False,,2021,[0.4%-0.6%)
2021-01-25,0.2063,gap_up,True,,2021,[0.2%-0.4%)
2021-01-26,0.2654,gap_up,True,,2021,[0.2%-0.4%)
2021-01-27,0.9302,gap_down,False,,2021,[0.6%-1.0%)
2021-01-28,0.5208,gap_up,False,,2021,[0.4%-0.6%)
2021-01-29,0.5296,gap_down,False,,2021,[0.4%-0.6%)
2021-02-01,0.9863,gap_up,False,,2021,[0.6%-1.0%)
2021-02-02,0.909,gap_up,False,,2021,[0.6%-1.0%)
2021-02-03,0.2333,gap_up,True,,2021,[0.2%-0.4%)
2021-02-04,0.2907,gap_up,False,,2021,[0.2%-0.4%)
2021-02-05,0.5205,gap_up,True,,2021,[0.4%-0.6%)
2021-02-08,0.4024,gap_up,False,,2021,[0.4%-0.6%)
2021-02-09,0.2305,gap_down,True,,2021,[0.2%-0.4%)
2021-02-10,0.4792,gap_up,True,,2021,[0.4%-0.6%)
2021-02-11,0.2974,gap_up,True,,2021,[0.2%-0.4%)
2021-02-12,0.2201,gap_down,True,,2021,[0.2%-0.4%)
2021-02-16,0.3362,gap_up,True,,2021,[0.2%-0.4%)
2021-02-17,0.4792,gap_down,True,,2021,[0.4%-0.6%)
2021-02-18,0.7136,gap_down,False,,2021,[0.6%-1.0%)
2021-02-19,0.3455,gap_up,True,,2021,[0.2%-0.4%)
2021-02-22,0.7615,gap_down,False,,2021,[0.6%-1.0%)
2021-02-23,0.6124,gap_down,True,,2021,[0.6%-1.0%)
2021-02-24,0.3019,gap_down,True,,2021,[0.2%-0.4%)
2021-02-25,0.3471,gap_down,True,,2021,[0.2%-0.4%)
2021-02-26,0.5283,gap_up,True,,2021,[0.4%-0.6%)
2021-03-01,1.375,gap_up,False,,2021,[1.0%+]
2021-03-05,0.9981,gap_up,True,,2021,[0.6%-1.0%)
2021-03-08,0.2685,gap_up,True,,2021,[0.2%-0.4%)
2021-03-09,1.0819,gap_up,False,,2021,[1.0%+]
2021-03-10,0.6509,gap_up,False,,2021,[0.6%-1.0%)
2021-03-11,0.6802,gap_up,False,,2021,[0.6%-1.0%)
2021-03-12,0.371,gap_down,True,,2021,[0.2%-0.4%)
2021-03-17,0.3486,gap_down,True,,2021,[0.2%-0.4%)
2021-03-18,0.6998,gap_down,False,,2021,[0.6%-1.0%)
2021-03-19,0.4087,gap_down,True,,2021,[0.4%-0.6%)
2021-03-24,0.3851,gap_up,True,,2021,[0.2%-0.4%)
2021-03-25,0.3974,gap_down,True,,2021,[0.2%-0.4%)
2021-03-26,0.3156,gap_up,False,,2021,[0.2%-0.4%)
2021-03-29,0.399,gap_down,True,,2021,[0.2%-0.4%)
2021-03-30,0.3436,gap_down,False,,2021,[0.2%-0.4%)
2021-04-01,0.5223,gap_up,False,,2021,[0.4%-0.6%)
2021-04-05,0.7114,gap_up,False,,2021,[0.6%-1.0%)
2021-04-08,0.3296,gap_up,False,,2021,[0.2%-0.4%)
2021-04-15,0.5566,gap_up,False,,2021,[0.4%-0.6%)
2021-04-16,0.3318,gap_up,True,,2021,[0.2%-0.4%)
2021-04-19,0.2397,gap_down,False,,2021,[0.2%-0.4%)
2021-04-20,0.3131,gap_down,False,,2021,[0.2%-0.4%)
2021-04-29,0.6996,gap_up,True,,2021,[0.6%-1.0%)
2021-04-30,0.5785,gap_down,False,,2021,[0.4%-0.6%)
2021-05-03,0.5104,gap_up,False,,2021,[0.4%-0.6%)
2021-05-04,0.5093,gap_down,False,,2021,[0.4%-0.6%)
2021-05-05,0.4235,gap_up,True,,2021,[0.4%-0.6%)
2021-05-11,1.1581,gap_down,False,,2021,[1.0%+]
2021-05-12,0.7194,gap_down,False,,2021,[0.6%-1.0%)
2021-05-13,0.4095,gap_up,False,,2021,[0.4%-0.6%)
2021-05-14,0.7141,gap_up,False,,2021,[0.6%-1.0%)
2021-05-17,0.2857,gap_down,False,,2021,[0.2%-0.4%)
2021-05-19,1.2186,gap_down,False,,2021,[1.0%+]
2021-05-20,0.2288,gap_up,False,,2021,[0.2%-0.4%)
2021-05-21,0.3829,gap_up,True,,2021,[0.2%-0.4%)
2021-05-24,0.5784,gap_up,False,,2021,[0.4%-0.6%)
2021-05-25,0.2767,gap_up,True,,2021,[0.2%-0.4%)
2021-05-27,0.2625,gap_up,True,,2021,[0.2%-0.4%)
2021-05-28,0.4007,gap_up,False,,2021,[0.4%-0.6%)
2021-06-01,0.6023,gap_up,True,,2021,[0.6%-1.0%)
2021-06-03,0.59,gap_down,False,,2021,[0.4%-0.6%)
2021-06-04,0.4728,gap_up,False,,2021,[0.4%-0.6%)
2021-06-08,0.2179,gap_up,True,,2021,[0.2%-0.4%)
2021-06-09,0.2131,gap_up,True,,2021,[0.2%-0.4%)
2021-06-10,0.3107,gap_up,True,,2021,[0.2%-0.4%)
2021-06-18,1.1565,gap_down,False,,2021,[1.0%+]
2021-06-21,0.4531,gap_up,False,,2021,[0.4%-0.6%)
2021-06-24,0.5419,gap_up,False,,2021,[0.4%-0.6%)
2021-07-02,0.2881,gap_up,False,,2021,[0.2%-0.4%)
2021-07-08,1.3074,gap_down,False,,2021,[1.0%+]
2021-07-09,0.3736,gap_up,True,,2021,[0.2%-0.4%)
2021-07-14,0.4155,gap_up,True,,2021,[0.4%-0.6%)
2021-07-15,0.3278,gap_down,False,,2021,[0.2%-0.4%)
2021-07-16,0.2898,gap_up,True,,2021,[0.2%-0.4%)
2021-07-19,1.194,gap_down,True,,2021,[1.0%+]
2021-07-21,0.2969,gap_up,True,,2021,[0.2%-0.4%)
2021-07-23,0.4731,gap_up,False,,2021,[0.4%-0.6%)
2021-07-27,0.2517,gap_down,False,,2021,[0.2%-0.4%)
2021-07-29,0.2256,gap_up,False,,2021,[0.2%-0.4%)
2021-07-30,0.6218,gap_down,False,,2021,[0.6%-1.0%)
2021-08-02,0.4173,gap_up,True,,2021,[0.4%-0.6%)
2021-08-04,0.3106,gap_down,False,,2021,[0.2%-0.4%)
2021-08-05,0.2825,gap_up,False,,2021,[0.2%-0.4%)
2021-08-11,0.2575,gap_up,True,,2021,[0.2%-0.4%)
2021-08-16,0.3117,gap_down,True,,2021,[0.2%-0.4%)
2021-08-17,0.6108,gap_down,False,,2021,[0.6%-1.0%)
2021-08-18,0.2432,gap_down,True,,2021,[0.2%-0.4%)
2021-08-19,0.6626,gap_down,True,,2021,[0.6%-1.0%)
2021-08-23,0.406,gap_up,False,,2021,[0.4%-0.6%)
2021-09-01,0.2215,gap_up,True,,2021,[0.2%-0.4%)
2021-09-02,0.3364,gap_up,False,,2021,[0.2%-0.4%)
2021-09-03,0.267,gap_down,True,,2021,[0.2%-0.4%)
2021-09-10,0.4588,gap_up,True,,2021,[0.4%-0.6%)
2021-09-13,0.7184,gap_up,True,,2021,[0.6%-1.0%)
2021-09-14,0.3448,gap_up,True,,2021,[0.2%-0.4%)
2021-09-17,0.5032,gap_down,False,,2021,[0.4%-0.6%)
2021-09-20,1.4771,gap_down,False,,2021,[1.0%+]
2021-09-21,0.5737,gap_up,True,,2021,[0.4%-0.6%)
2021-09-22,0.5581,gap_up,False,,2021,[0.4%-0.6%)
2021-09-23,0.4545,gap_up,False,,2021,[0.4%-0.6%)
2021-09-24,0.3926,gap_down,True,,2021,[0.2%-0.4%)
2021-09-27,0.2478,gap_down,True,,2021,[0.2%-0.4%)
2021-09-28,0.6665,gap_down,False,,2021,[0.6%-1.0%)
2021-09-29,0.3389,gap_up,False,,2021,[0.2%-0.4%)
2021-09-30,0.3614,gap_up,True,,2021,[0.2%-0.4%)
2021-10-01,0.4288,gap_up,True,,2021,[0.4%-0.6%)
2021-10-04,0.2856,gap_down,False,,2021,[0.2%-0.4%)
2021-10-05,0.3733,gap_up,False,,2021,[0.2%-0.4%)
2021-10-06,0.8843,gap_down,True,,2021,[0.6%-1.0%)
2021-10-07,0.8025,gap_up,False,,2021,[0.6%-1.0%)
2021-10-12,0.2255,gap_up,True,,2021,[0.2%-0.4%)
2021-10-13,0.2514,gap_up,True,,2021,[0.2%-0.4%)
2021-10-14,0.8962,gap_up,False,,2021,[0.6%-1.0%)
2021-10-15,0.5085,gap_up,False,,2021,[0.4%-0.6%)
2021-10-18,0.4261,gap_down,True,,2021,[0.4%-0.6%)
2021-10-19,0.3869,gap_up,False,,2021,[0.2%-0.4%)
2021-10-25,0.256,gap_up,True,,2021,[0.2%-0.4%)
2021-10-26,0.3622,gap_up,False,,2021,[0.2%-0.4%)
2021-10-28,0.3348,gap_up,False,,2021,[0.2%-0.4%)
2021-10-29,0.5346,gap_down,True,,2021,[0.4%-0.6%)
2021-11-01,0.2286,gap_up,True,,2021,[0.2%-0.4%)
2021-11-05,0.5076,gap_up,False,,2021,[0.4%-0.6%)
2021-11-08,0.2497,gap_up,True,,2021,[0.2%-0.4%)
2021-11-10,0.3851,gap_down,True,,2021,[0.2%-0.4%)
2021-11-11,0.343,gap_up,False,,2021,[0.2%-0.4%)
2021-11-12,0.2911,gap_up,False,,2021,[0.2%-0.4%)
2021-11-15,0.2932,gap_up,True,,2021,[0.2%-0.4%)
2021-11-18,0.235,gap_up,True,,2021,[0.2%-0.4%)
2021-11-22,0.4265,gap_up,True,,2021,[0.4%-0.6%)
2021-11-24,0.4549,gap_down,True,,2021,[0.4%-0.6%)
2021-11-26,1.5124,gap_down,False,,2021,[1.0%+]
2021-11-29,1.1112,gap_up,False,,2021,[1.0%+]
2021-11-30,0.5596,gap_down,False,,2021,[0.4%-0.6%)
2021-12-01,1.3346,gap_up,True,,2021,[1.0%+]
2021-12-03,0.387,gap_up,True,,2021,[0.2%-0.4%)
2021-12-06,0.5977,gap_up,False,,2021,[0.4%-0.6%)
2021-12-07,1.225,gap_up,True,,2021,[1.0%+]
2021-12-09,0.2918,gap_down,True,,2021,[0.2%-0.4%)
2021-12-10,0.6176,gap_up,False,,2021,[0.6%-1.0%)
2021-12-14,0.7459,gap_down,False,,2021,[0.6%-1.0%)
2021-12-16,0.4186,gap_up,True,,2021,[0.4%-0.6%)
2021-12-17,1.0505,gap_down,False,,2021,[1.0%+]
2021-12-20,1.1721,gap_down,False,,2021,[1.0%+]
2021-12-21,0.7978,gap_up,False,,2021,[0.6%-1.0%)
2021-12-23,0.2266,gap_up,False,,2021,[0.2%-0.4%)
2021-12-27,0.3102,gap_up,False,,2021,[0.2%-0.4%)
2022-01-03,0.2821,gap_up,True,,2022,[0.2%-0.4%)
2022-01-04,0.3161,gap_up,True,,2022,[0.2%-0.4%)
2022-01-10,0.7273,gap_down,False,,2022,[0.6%-1.0%)
2022-01-12,0.3917,gap_up,True,,2022,[0.2%-0.4%)
2022-01-13,0.2484,gap_up,True,,2022,[0.2%-0.4%)
2022-01-14,0.719,gap_down,True,,2022,[0.6%-1.0%)
2022-01-18,1.0716,gap_down,False,,2022,[1.0%+]
2022-01-19,0.3593,gap_up,True,,2022,[0.2%-0.4%)
2022-01-20,0.4427,gap_up,True,,2022,[0.4%-0.6%)
2022-01-21,0.2664,gap_down,True,,2022,[0.2%-0.4%)
2022-01-24,1.3585,gap_down,True,,2022,[1.0%+]
2022-01-25,1.5415,gap_down,False,,2022,[1.0%+]
2022-01-26,1.4385,gap_up,True,,2022,[1.0%+]
2022-01-27,1.126,gap_up,True,,2022,[1.0%+]
2022-01-28,0.3339,gap_up,True,,2022,[0.2%-0.4%)
2022-02-02,0.563,gap_up,False,,2022,[0.4%-0.6%)
2022-02-03,1.3994,gap_down,False,,2022,[1.0%+]
2022-02-09,0.9491,gap_up,False,,2022,[0.6%-1.0%)
2022-02-10,1.3551,gap_down,True,,2022,[1.0%+]
2022-02-15,1.0728,gap_up,False,,2022,[1.0%+]
2022-02-16,0.4864,gap_down,True,,2022,[0.4%-0.6%)
2022-02-17,0.7568,gap_down,False,,2022,[0.6%-1.0%)
2022-02-22,0.5389,gap_down,True,,2022,[0.4%-0.6%)
2022-02-23,0.7193,gap_up,True,,2022,[0.6%-1.0%)
2022-02-24,2.5904,gap_down,True,,2022,[1.0%+]
2022-02-25,0.3059,gap_up,True,,2022,[0.2%-0.4%)
2022-02-28,1.3067,gap_down,True,,2022,[1.0%+]
2022-03-01,0.3642,gap_down,True,,2022,[0.2%-0.4%)
2022-03-02,0.5558,gap_up,False,,2022,[0.4%-0.6%)
2022-03-03,0.5892,gap_up,True,,2022,[0.4%-0.6%)
2022-03-04,0.9089,gap_down,False,,2022,[0.6%-1.0%)
2022-03-09,2.1357,gap_up,False,,2022,[1.0%+]
2022-03-10,1.1441,gap_down,False,,2022,[1.0%+]
2022-03-11,0.6205,gap_up,True,,2022,[0.6%-1.0%)
2022-03-15,0.6643,gap_up,False,,2022,[0.6%-1.0%)
2022-03-16,0.8729,gap_up,True,,2022,[0.6%-1.0%)
2022-03-17,0.466,gap_down,True,,2022,[0.4%-0.6%)
2022-03-18,0.696,gap_down,True,,2022,[0.6%-1.0%)
2022-03-22,0.3308,gap_up,False,,2022,[0.2%-0.4%)
2022-03-23,0.5961,gap_down,False,,2022,[0.4%-0.6%)
2022-03-24,0.4822,gap_up,False,,2022,[0.4%-0.6%)
2022-03-29,0.9015,gap_up,False,,2022,[0.6%-1.0%)
2022-03-30,0.2622,gap_down,False,,2022,[0.2%-0.4%)
2022-04-01,0.3698,gap_up,True,,2022,[0.2%-0.4%)
2022-04-05,0.3459,gap_down,True,,2022,[0.2%-0.4%)
2022-04-06,0.9179,gap_down,False,,2022,[0.6%-1.0%)
2022-04-07,0.2083,gap_down,True,,2022,[0.2%-0.4%)
2022-04-11,0.7731,gap_down,False,,2022,[0.6%-1.0%)
2022-04-12,0.7183,gap_up,True,,2022,[0.6%-1.0%)
2022-04-18,0.2239,gap_down,True,,2022,[0.2%-0.4%)
2022-04-20,0.4224,gap_up,True,,2022,[0.4%-0.6%)
2022-04-21,0.8612,gap_up,True,,2022,[0.6%-1.0%)
2022-04-22,0.2625,gap_down,True,,2022,[0.2%-0.4%)
2022-04-25,0.5563,gap_down,True,,2022,[0.4%-0.6%)
2022-04-26,0.6254,gap_down,False,,2022,[0.6%-1.0%)
2022-04-27,0.274,gap_up,True,,2022,[0.2%-0.4%)
2022-04-28,1.2031,gap_up,False,,2022,[1.0%+]
2022-04-29,0.9864,gap_down,False,,2022,[0.6%-1.0%)
2022-05-05,1.0511,gap_down,False,,2022,[1.0%+]
2022-05-06,0.6549,gap_down,True,,2022,[0.6%-1.0%)
2022-05-09,1.517,gap_down,False,,2022,[1.0%+]
2022-05-10,1.5873,gap_up,True,,2022,[1.0%+]
2022-05-11,0.2556,gap_down,True,,2022,[0.2%-0.4%)
2022-05-12,0.8606,gap_down,True,,2022,[0.6%-1.0%)
2022-05-13,1.1138,gap_up,False,,2022,[1.0%+]
2022-05-16,0.4331,gap_down,True,,2022,[0.4%-0.6%)
2022-05-17,1.6096,gap_up,False,,2022,[1.0%+]
2022-05-18,1.1804,gap_down,False,,2022,[1.0%+]
2022-05-19,0.8268,gap_down,True,,2022,[0.6%-1.0%)
2022-05-20,0.9731,gap_up,True,,2022,[0.6%-1.0%)
2022-05-23,0.8213,gap_up,False,,2022,[0.6%-1.0%)
2022-05-24,1.0985,gap_down,False,,2022,[1.0%+]
2022-05-25,0.4011,gap_down,True,,2022,[0.4%-0.6%)
2022-05-26,0.3272,gap_up,False,,2022,[0.2%-0.4%)
2022-05-27,0.6415,gap_up,False,,2022,[0.6%-1.0%)
2022-05-31,0.4118,gap_down,True,,2022,[0.4%-0.6%)
2022-06-01,0.5425,gap_up,True,,2022,[0.4%-0.6%)
2022-06-03,1.1955,gap_down,False,,2022,[1.0%+]
2022-06-06,1.0328,gap_up,False,,2022,[1.0%+]
2022-06-07,0.8961,gap_down,True,,2022,[0.6%-1.0%)
2022-06-08,0.4354,gap_down,True,,2022,[0.4%-0.6%)
2022-06-09,0.4572,gap_down,True,,2022,[0.4%-0.6%)
2022-06-10,1.6341,gap_down,False,,2022,[1.0%+]
2022-06-13,2.5526,gap_down,False,,2022,[1.0%+]
2022-06-14,0.4933,gap_up,True,,2022,[0.4%-0.6%)
2022-06-15,0.9335,gap_up,True,,2022,[0.6%-1.0%)
2022-06-16,2.2917,gap_down,False,,2022,[1.0%+]
2022-06-17,0.3109,gap_down,True,,2022,[0.2%-0.4%)
2022-06-21,1.6482,gap_up,False,,2022,[1.0%+]
2022-06-22,1.1864,gap_down,True,,2022,[1.0%+]
2022-06-23,0.601,gap_up,True,,2022,[0.6%-1.0%)
2022-06-24,0.8835,gap_up,False,,2022,[0.6%-1.0%)
2022-06-27,0.2487,gap_up,True,,2022,[0.2%-0.4%)
2022-06-28,0.422,gap_up,True,,2022,[0.4%-0.6%)
2022-06-30,1.078,gap_down,True,,2022,[1.0%+]
2022-07-05,1.4059,gap_down,True,,2022,[1.0%+]
2022-07-07,0.4879,gap_up,False,,2022,[0.4%-0.6%)
2022-07-08,0.4422,gap_down,True,,2022,[0.4%-0.6%)
2022-07-11,0.7256,gap_down,False,,2022,[0.6%-1.0%)
2022-07-13,1.5046,gap_down,True,,2022,[1.0%+]
2022-07-14,1.3779,gap_down,True,,2022,[1.0%+]
2022-07-15,1.2278,gap_up,False,,2022,[1.0%+]
2022-07-18,0.8439,gap_up,True,,2022,[0.6%-1.0%)
2022-07-19,1.0813,gap_up,False,,2022,[1.0%+]
2022-07-26,0.4373,gap_down,False,,2022,[0.4%-0.6%)
2022-07-27,0.8877,gap_up,False,,2022,[0.6%-1.0%)
2022-07-28,0.212,gap_up,True,,2022,[0.2%-0.4%)
2022-07-29,0.3719,gap_up,False,,2022,[0.2%-0.4%)
2022-08-01,0.6893,gap_down,True,,2022,[0.6%-1.0%)
2022-08-02,0.4017,gap_down,True,,2022,[0.4%-0.6%)
2022-08-03,0.5489,gap_up,False,,2022,[0.4%-0.6%)
2022-08-05,1.0889,gap_down,False,,2022,[1.0%+]
2022-08-08,0.4305,gap_up,True,,2022,[0.4%-0.6%)
2022-08-10,1.8062,gap_up,False,,2022,[1.0%+]
2022-08-11,0.7143,gap_up,True,,2022,[0.6%-1.0%)
2022-08-12,0.4857,gap_up,False,,2022,[0.4%-0.6%)
2022-08-15,0.5455,gap_down,True,,2022,[0.4%-0.6%)
2022-08-16,0.2635,gap_down,True,,2022,[0.2%-0.4%)
2022-08-17,0.882,gap_down,False,,2022,[0.6%-1.0%)
2022-08-19,0.6801,gap_down,False,,2022,[0.6%-1.0%)
2022-08-22,1.2058,gap_down,False,,2022,[1.0%+]
2022-08-25,0.3795,gap_up,False,,2022,[0.2%-0.4%)
2022-08-29,0.7673,gap_down,True,,2022,[0.6%-1.0%)
2022-08-30,0.303,gap_up,True,,2022,[0.2%-0.4%)
2022-08-31,0.4319,gap_up,True,,2022,[0.4%-0.6%)
2022-09-01,0.5795,gap_down,True,,2022,[0.4%-0.6%)
2022-09-02,0.9737,gap_up,True,,2022,[0.6%-1.0%)
2022-09-06,0.2269,gap_up,True,,2022,[0.2%-0.4%)
2022-09-08,0.6008,gap_down,True,,2022,[0.6%-1.0%)
2022-09-09,0.5894,gap_up,False,,2022,[0.4%-0.6%)
2022-09-12,0.5362,gap_up,False,,2022,[0.4%-0.6%)
2022-09-13,2.224,gap_down,False,,2022,[1.0%+]
2022-09-14,0.3485,gap_up,True,,2022,[0.2%-0.4%)
2022-09-15,0.4156,gap_down,True,,2022,[0.4%-0.6%)
2022-09-16,1.5329,gap_down,False,,2022,[1.0%+]
2022-09-19,0.8559,gap_down,True,,2022,[0.6%-1.0%)
2022-09-20,0.8982,gap_down,False,,2022,[0.6%-1.0%)
2022-09-21,0.5259,gap_up,True,,2022,[0.4%-0.6%)
2022-09-22,0.2146,gap_down,True,,2022,[0.2%-0.4%)
2022-09-23,0.9727,gap_down,False,,2022,[0.6%-1.0%)
2022-09-26,0.4185,gap_down,True,,2022,[0.4%-0.6%)
2022-09-27,1.0184,gap_up,True,,2022,[1.0%+]
2022-09-28,0.2752,gap_up,True,,2022,[0.2%-0.4%)
2022-09-29,1.004,gap_down,False,,2022,[1.0%+]
2022-09-30,0.2729,gap_down,True,,2022,[0.2%-0.4%)
2022-10-03,1.0919,gap_up,False,,2022,[1.0%+]
2022-10-04,1.5793,gap_up,True,,2022,[1.0%+]
2022-10-05,1.2117,gap_down,True,,2022,[1.0%+]
2022-10-06,0.3898,gap_down,True,,2022,[0.2%-0.4%)
2022-10-07,1.1334,gap_down,True,,2022,[1.0%+]
2022-10-10,0.3225,gap_up,True,,2022,[0.2%-0.4%)
2022-10-11,0.4944,gap_down,True,,2022,[0.4%-0.6%)
2022-10-13,2.0614,gap_down,True,,2022,[1.0%+]
2022-10-14,0.705,gap_up,True,,2022,[0.6%-1.0%)
2022-10-17,1.784,gap_up,True,,2022,[1.0%+]
2022-10-18,2.2654,gap_up,False,,2022,[1.0%+]
2022-10-19,0.5766,gap_down,True,,2022,[0.4%-0.6%)
2022-10-24,0.4275,gap_up,True,,2022,[0.4%-0.6%)
2022-10-26,0.8573,gap_down,True,,2022,[0.6%-1.0%)
2022-10-27,0.2749,gap_up,True,,2022,[0.2%-0.4%)
2022-10-31,0.6632,gap_down,False,,2022,[0.6%-1.0%)
2022-11-01,1.0176,gap_up,True,,2022,[1.0%+]
2022-11-03,0.907,gap_down,False,,2022,[0.6%-1.0%)
2022-11-04,1.6145,gap_up,True,,2022,[1.0%+]
2022-11-07,0.3614,gap_up,True,,2022,[0.2%-0.4%)
2022-11-08,0.3053,gap_up,True,,2022,[0.2%-0.4%)
2022-11-09,0.5419,gap_down,False,,2022,[0.4%-0.6%)
2022-11-10,3.7206,gap_up,False,,2022,[1.0%+]
2022-11-11,0.228,gap_up,True,,2022,[0.2%-0.4%)
2022-11-14,0.4642,gap_down,True,,2022,[0.4%-0.6%)
2022-11-15,1.5261,gap_up,True,,2022,[1.0%+]
2022-11-16,0.4291,gap_down,False,,2022,[0.4%-0.6%)
2022-11-17,1.2619,gap_down,False,,2022,[1.0%+]
2022-11-18,0.8878,gap_up,True,,2022,[0.6%-1.0%)
2022-11-21,0.351,gap_down,False,,2022,[0.2%-0.4%)
2022-11-22,0.517,gap_up,False,,2022,[0.4%-0.6%)
2022-11-28,0.8053,gap_down,False,,2022,[0.6%-1.0%)
2022-12-01,0.2674,gap_up,True,,2022,[0.2%-0.4%)
2022-12-02,1.2593,gap_down,True,,2022,[1.0%+]
2022-12-05,0.7274,gap_down,False,,2022,[0.6%-1.0%)
2022-12-07,0.226,gap_down,True,,2022,[0.2%-0.4%)
2022-12-08,0.5036,gap_up,False,,2022,[0.4%-0.6%)
2022-12-09,0.3281,gap_down,True,,2022,[0.2%-0.4%)
2022-12-12,0.211,gap_up,False,,2022,[0.2%-0.4%)
2022-12-13,2.8249,gap_up,False,,2022,[1.0%+]
2022-12-15,1.2769,gap_down,False,,2022,[1.0%+]
2022-12-16,1.1421,gap_down,False,,2022,[1.0%+]
2022-12-20,0.2079,gap_down,True,,2022,[0.2%-0.4%)
2022-12-21,0.7121,gap_up,False,,2022,[0.6%-1.0%)
2022-12-22,0.8233,gap_down,False,,2022,[0.6%-1.0%)
2022-12-23,0.281,gap_down,True,,2022,[0.2%-0.4%)
2022-12-29,0.7885,gap_up,False,,2022,[0.6%-1.0%)
2022-12-30,0.7302,gap_down,False,,2022,[0.6%-1.0%)
2023-01-03,0.5073,gap_up,True,,2023,[0.4%-0.6%)
2023-01-04,0.6197,gap_up,True,,2023,[0.6%-1.0%)
2023-01-05,0.5316,gap_down,False,,2023,[0.4%-0.6%)
2023-01-06,0.8514,gap_up,False,,2023,[0.6%-1.0%)
2023-01-09,0.5901,gap_up,True,,2023,[0.4%-0.6%)
2023-01-11,0.4225,gap_up,False,,2023,[0.4%-0.6%)
2023-01-12,0.2908,gap_up,True,,2023,[0.2%-0.4%)
2023-01-13,0.8414,gap_down,True,,2023,[0.6%-1.0%)
2023-01-18,0.3117,gap_up,True,,2023,[0.2%-0.4%)
2023-01-19,0.5441,gap_down,False,,2023,[0.4%-0.6%)
2023-01-20,0.3757,gap_up,True,,2023,[0.2%-0.4%)
2023-01-23,0.2122,gap_up,True,,2023,[0.2%-0.4%)
2023-01-24,0.4368,gap_down,True,,2023,[0.4%-0.6%)
2023-01-25,1.062,gap_down,True,,2023,[1.0%+]
2023-01-26,0.6944,gap_up,True,,2023,[0.6%-1.0%)
2023-01-27,0.2693,gap_down,True,,2023,[0.2%-0.4%)
2023-01-30,0.7099,gap_down,False,,2023,[0.6%-1.0%)
2023-02-01,0.3124,gap_down,True,,2023,[0.2%-0.4%)
2023-02-02,0.9883,gap_up,False,,2023,[0.6%-1.0%)
2023-02-03,1.2453,gap_down,True,,2023,[1.0%+]
2023-02-06,0.6208,gap_down,False,,2023,[0.6%-1.0%)
2023-02-07,0.2342,gap_down,True,,2023,[0.2%-0.4%)
2023-02-08,0.4962,gap_down,False,,2023,[0.4%-0.6%)
2023-02-09,0.9156,gap_up,True,,2023,[0.6%-1.0%)
2023-02-10,0.3021,gap_down,True,,2023,[0.2%-0.4%)
2023-02-14,0.3851,gap_down,True,,2023,[0.2%-0.4%)
2023-02-15,0.555,gap_down,True,,2023,[0.4%-0.6%)
2023-02-16,1.2537,gap_down,False,,2023,[1.0%+]
2023-02-17,0.5437,gap_down,False,,2023,[0.4%-0.6%)
2023-02-21,1.0313,gap_down,False,,2023,[1.0%+]
2023-02-23,0.7578,gap_up,True,,2023,[0.6%-1.0%)
2023-02-24,1.3078,gap_down,False,,2023,[1.0%+]
2023-02-27,0.8805,gap_up,False,,2023,[0.6%-1.0%)
2023-03-01,0.2145,gap_down,True,,2023,[0.2%-0.4%)
2023-03-02,0.5219,gap_down,True,,2023,[0.4%-0.6%)
2023-03-03,0.4776,gap_up,False,,2023,[0.4%-0.6%)
2023-03-06,0.2128,gap_up,True,,2023,[0.2%-0.4%)
2023-03-09,0.2055,gap_up,True,,2023,[0.2%-0.4%)
2023-03-13,1.0624,gap_down,True,,2023,[1.0%+]
2023-03-14,1.3338,gap_up,False,,2023,[1.0%+]
2023-03-15,1.4908,gap_down,False,,2023,[1.0%+]
2023-03-16,0.6319,gap_down,True,,2023,[0.6%-1.0%)
2023-03-17,0.7296,gap_down,False,,2023,[0.6%-1.0%)
2023-03-20,0.2077,gap_up,False,,2023,[0.2%-0.4%)
2023-03-21,0.8889,gap_up,False,,2023,[0.6%-1.0%)
2023-03-23,0.76,gap_up,True,,2023,[0.6%-1.0%)
2023-03-24,0.3383,gap_down,True,,2023,[0.2%-0.4%)
2023-03-27,0.5989,gap_up,True,,2023,[0.4%-0.6%)
2023-03-29,1.0945,gap_up,False,,2023,[1.0%+]
2023-03-30,0.6827,gap_up,False,,2023,[0.6%-1.0%)
2023-03-31,0.2378,gap_up,False,,2023,[0.2%-0.4%)
2023-04-06,0.2036,gap_down,True,,2023,[0.2%-0.4%)
2023-04-10,0.6305,gap_down,True,,2023,[0.6%-1.0%)
2023-04-12,0.5247,gap_up,True,,2023,[0.4%-0.6%)
2023-04-13,0.2769,gap_up,True,,2023,[0.2%-0.4%)
2023-04-18,0.3962,gap_up,True,,2023,[0.2%-0.4%)
2023-04-19,0.4804,gap_down,True,,2023,[0.4%-0.6%)
2023-04-20,0.7075,gap_down,False,,2023,[0.6%-1.0%)
2023-04-25,0.4968,gap_down,False,,2023,[0.4%-0.6%)
2023-04-27,0.6529,gap_up,False,,2023,[0.6%-1.0%)
2023-04-28,0.2231,gap_down,True,,2023,[0.2%-0.4%)
2023-05-04,0.2671,gap_down,False,,2023,[0.2%-0.4%)
2023-05-05,0.933,gap_up,False,,2023,[0.6%-1.0%)
2023-05-09,0.3901,gap_down,False,,2023,[0.2%-0.4%)
2023-05-10,0.7179,gap_up,True,,2023,[0.6%-1.0%)
2023-05-11,0.218,gap_down,False,,2023,[0.2%-0.4%)
2023-05-12,0.313,gap_up,True,,2023,[0.2%-0.4%)
2023-05-16,0.2784,gap_down,False,,2023,[0.2%-0.4%)
2023-05-17,0.5119,gap_up,False,,2023,[0.4%-0.6%)
2023-05-19,0.2242,gap_up,True,,2023,[0.2%-0.4%)
2023-05-23,0.4083,gap_down,False,,2023,[0.4%-0.6%)
2023-05-24,0.4033,gap_down,False,,2023,[0.4%-0.6%)
2023-05-25,0.8879,gap_up,False,,2023,[0.6%-1.0%)
2023-05-30,0.4786,gap_up,True,,2023,[0.4%-0.6%)
2023-05-31,0.4522,gap_down,False,,2023,[0.4%-0.6%)
2023-06-02,0.6353,gap_up,False,,2023,[0.6%-1.0%)
2023-06-12,0.2373,gap_up,False,,2023,[0.2%-0.4%)
2023-06-13,0.3504,gap_up,False,,2023,[0.2%-0.4%)
2023-06-20,0.4574,gap_down,False,,2023,[0.4%-0.6%)
2023-06-21,0.2333,gap_down,False,,2023,[0.2%-0.4%)
2023-06-22,0.2276,gap_down,True,,2023,[0.2%-0.4%)
2023-06-23,0.8201,gap_down,False,,2023,[0.6%-1.0%)
2023-06-27,0.2109,gap_up,False,,2023,[0.2%-0.4%)
2023-06-28,0.2568,gap_down,True,,2023,[0.2%-0.4%)
2023-06-30,0.7601,gap_up,False,,2023,[0.6%-1.0%)
2023-07-05,0.4236,gap_down,True,,2023,[0.4%-0.6%)
2023-07-06,0.8372,gap_down,False,,2023,[0.6%-1.0%)
2023-07-07,0.2343,gap_down,True,,2023,[0.2%-0.4%)
2023-07-12,0.8882,gap_up,False,,2023,[0.6%-1.0%)
2023-07-13,0.4215,gap_up,False,,2023,[0.4%-0.6%)
2023-07-14,0.2046,gap_up,True,,2023,[0.2%-0.4%)
2023-07-20,0.2263,gap_down,False,,2023,[0.2%-0.4%)
2023-07-21,0.3936,gap_up,True,,2023,[0.2%-0.4%)
2023-07-24,0.2632,gap_up,False,,2023,[0.2%-0.4%)
2023-07-26,0.213,gap_down,True,,2023,[0.2%-0.4%)
2023-07-27,0.7706,gap_up,True,,2023,[0.6%-1.0%)
2023-07-28,0.7492,gap_up,True,,2023,[0.6%-1.0%)
2023-08-01,0.332,gap_down,False,,2023,[0.2%-0.4%)
2023-08-02,0.7076,gap_down,False,,2023,[0.6%-1.0%)
2023-08-03,0.4643,gap_down,True,,2023,[0.4%-0.6%)
2023-08-04,0.4189,gap_up,True,,2023,[0.4%-0.6%)
2023-08-07,0.4252,gap_up,False,,2023,[0.4%-0.6%)
2023-08-08,0.5835,gap_down,False,,2023,[0.4%-0.6%)
2023-08-10,0.5474,gap_up,True,,2023,[0.4%-0.6%)
2023-08-11,0.4351,gap_down,True,,2023,[0.4%-0.6%)
2023-08-14,0.2132,gap_down,True,,2023,[0.2%-0.4%)
2023-08-15,0.4106,gap_down,False,,2023,[0.4%-0.6%)
2023-08-17,0.3457,gap_up,True,,2023,[0.2%-0.4%)
2023-08-18,0.6693,gap_down,True,,2023,[0.6%-1.0%)
2023-08-21,0.2405,gap_up,True,,2023,[0.2%-0.4%)
2023-08-22,0.4188,gap_up,True,,2023,[0.4%-0.6%)
2023-08-23,0.2511,gap_up,False,,2023,[0.2%-0.4%)
2023-08-24,0.3747,gap_up,True,,2023,[0.2%-0.4%)
2023-08-25,0.4097,gap_up,True,,2023,[0.4%-0.6%)
2023-08-28,0.5159,gap_up,True,,2023,[0.4%-0.6%)
2023-09-01,0.6262,gap_up,True,,2023,[0.6%-1.0%)
2023-09-07,0.697,gap_down,False,,2023,[0.6%-1.0%)
2023-09-11,0.6105,gap_up,False,,2023,[0.6%-1.0%)
2023-09-12,0.3345,gap_down,True,,2023,[0.2%-0.4%)
2023-09-14,0.5733,gap_up,False,,2023,[0.4%-0.6%)
2023-09-15,0.715,gap_down,False,,2023,[0.6%-1.0%)
2023-09-19,0.2141,gap_down,False,,2023,[0.2%-0.4%)
2023-09-20,0.2937,gap_up,True,,2023,[0.2%-0.4%)
2023-09-21,0.6703,gap_down,False,,2023,[0.6%-1.0%)
2023-09-22,0.2457,gap_up,True,,2023,[0.2%-0.4%)
2023-09-25,0.2904,gap_down,True,,2023,[0.2%-0.4%)
2023-09-26,0.7265,gap_down,False,,2023,[0.6%-1.0%)
2023-09-27,0.2841,gap_up,True,,2023,[0.2%-0.4%)
2023-09-29,0.7351,gap_up,True,,2023,[0.6%-1.0%)
2023-10-02,0.2012,gap_down,True,,2023,[0.2%-0.4%)
2023-10-03,0.5265,gap_down,True,,2023,[0.4%-0.6%)
2023-10-06,0.596,gap_down,True,,2023,[0.4%-0.6%)
2023-10-09,0.4563,gap_down,True,,2023,[0.4%-0.6%)
2023-10-11,0.2531,gap_up,True,,2023,[0.2%-0.4%)
2023-10-13,0.3574,gap_up,True,,2023,[0.2%-0.4%)
2023-10-16,0.5377,gap_up,False,,2023,[0.4%-0.6%)
2023-10-17,0.7408,gap_down,True,,2023,[0.6%-1.0%)
2023-10-18,0.4197,gap_down,False,,2023,[0.4%-0.6%)
2023-10-23,0.3751,gap_down,True,,2023,[0.2%-0.4%)
2023-10-24,0.5209,gap_up,False,,2023,[0.4%-0.6%)
2023-10-25,0.4107,gap_down,False,,2023,[0.4%-0.6%)
2023-10-26,0.2634,gap_down,False,,2023,[0.2%-0.4%)
2023-10-27,0.3975,gap_up,True,,2023,[0.2%-0.4%)
2023-10-30,0.7013,gap_up,False,,2023,[0.6%-1.0%)
2023-11-01,0.2391,gap_up,False,,2023,[0.2%-0.4%)
2023-11-02,0.9275,gap_up,False,,2023,[0.6%-1.0%)
2023-11-03,0.5525,gap_up,False,,2023,[0.4%-0.6%)
2023-11-09,0.2699,gap_up,True,,2023,[0.2%-0.4%)
2023-11-10,0.4933,gap_up,True,,2023,[0.4%-0.6%)
2023-11-13,0.3132,gap_down,True,,2023,[0.2%-0.4%)
2023-11-14,1.3926,gap_up,False,,2023,[1.0%+]
2023-11-15,0.3075,gap_up,False,,2023,[0.2%-0.4%)
2023-11-21,0.2378,gap_down,False,,2023,[0.2%-0.4%)
2023-11-22,0.3773,gap_up,False,,2023,[0.2%-0.4%)
2023-11-29,0.488,gap_up,True,,2023,[0.4%-0.6%)
2023-12-04,0.7624,gap_down,True,,2023,[0.6%-1.0%)
2023-12-05,0.3131,gap_down,True,,2023,[0.2%-0.4%)
2023-12-06,0.484,gap_up,True,,2023,[0.4%-0.6%)
2023-12-07,0.4728,gap_up,False,,2023,[0.4%-0.6%)
2023-12-14,0.4251,gap_up,True,,2023,[0.4%-0.6%)
2023-12-15,0.5339,gap_down,False,,2023,[0.4%-0.6%)
2023-12-18,0.3516,gap_up,False,,2023,[0.2%-0.4%)
2023-12-21,0.6556,gap_up,False,,2023,[0.6%-1.0%)
2023-12-22,0.2454,gap_up,True,,2023,[0.2%-0.4%)
2024-01-02,0.6627,gap_down,False,,2024,[0.6%-1.0%)
2024-01-03,0.4697,gap_down,False,,2024,[0.4%-0.6%)
2024-01-09,0.5752,gap_down,True,,2024,[0.4%-0.6%)
2024-01-11,0.2161,gap_up,True,,2024,[0.2%-0.4%)
2024-01-12,0.3128,gap_up,True,,2024,[0.2%-0.4%)
2024-01-16,0.2979,gap_down,False,,2024,[0.2%-0.4%)
2024-01-17,0.6548,gap_down,False,,2024,[0.6%-1.0%)
2024-01-18,0.3642,gap_up,False,,2024,[0.2%-0.4%)
2024-01-19,0.2434,gap_up,False,,2024,[0.2%-0.4%)
2024-01-22,0.3275,gap_up,False,,2024,[0.2%-0.4%)
2024-01-24,0.6084,gap_up,False,,2024,[0.6%-1.0%)
2024-01-25,0.4512,gap_up,True,,2024,[0.4%-0.6%)
2024-01-31,0.4624,gap_down,False,,2024,[0.4%-0.6%)
2024-02-01,0.3624,gap_up,False,,2024,[0.2%-0.4%)
2024-02-07,0.4676,gap_up,False,,2024,[0.4%-0.6%)
2024-02-13,1.2875,gap_down,False,,2024,[1.0%+]
2024-02-14,0.5485,gap_up,False,,2024,[0.4%-0.6%)
2024-02-20,0.3584,gap_down,False,,2024,[0.2%-0.4%)
2024-02-21,0.2697,gap_down,True,,2024,[0.2%-0.4%)
2024-02-22,1.3676,gap_up,False,,2024,[1.0%+]
2024-02-23,0.3488,gap_up,True,,2024,[0.2%-0.4%)
2024-02-28,0.3156,gap_down,False,,2024,[0.2%-0.4%)
2024-02-29,0.3575,gap_up,True,,2024,[0.2%-0.4%)
2024-03-05,0.4021,gap_down,False,,2024,[0.4%-0.6%)
2024-03-06,0.6645,gap_up,False,,2024,[0.6%-1.0%)
2024-03-07,0.665,gap_up,False,,2024,[0.6%-1.0%)
2024-03-11,0.2423,gap_down,True,,2024,[0.2%-0.4%)
2024-03-12,0.4244,gap_up,True,,2024,[0.4%-0.6%)
2024-03-15,0.9205,gap_down,False,,2024,[0.6%-1.0%)
2024-03-18,0.8179,gap_up,False,,2024,[0.6%-1.0%)
2024-03-21,0.5591,gap_up,False,,2024,[0.4%-0.6%)
2024-03-25,0.2705,gap_down,False,,2024,[0.2%-0.4%)
2024-03-26,0.2809,gap_up,True,,2024,[0.2%-0.4%)
2024-03-27,0.559,gap_up,False,,2024,[0.4%-0.6%)
2024-04-02,0.7507,gap_down,False,,2024,[0.6%-1.0%)
2024-04-03,0.2159,gap_down,True,,2024,[0.2%-0.4%)
2024-04-04,0.7913,gap_up,True,,2024,[0.6%-1.0%)
2024-04-05,0.2709,gap_up,False,,2024,[0.2%-0.4%)
2024-04-09,0.3432,gap_up,True,,2024,[0.2%-0.4%)
2024-04-10,1.1246,gap_down,False,,2024,[1.0%+]
2024-04-11,0.3034,gap_up,True,,2024,[0.2%-0.4%)
2024-04-12,0.7008,gap_down,False,,2024,[0.6%-1.0%)
2024-04-15,0.8378,gap_up,True,,2024,[0.6%-1.0%)
2024-04-17,0.5005,gap_up,True,,2024,[0.4%-0.6%)
2024-04-18,0.2857,gap_up,True,,2024,[0.2%-0.4%)
2024-04-22,0.5392,gap_up,False,,2024,[0.4%-0.6%)
2024-04-23,0.4122,gap_up,True,,2024,[0.4%-0.6%)
2024-04-25,1.2327,gap_down,False,,2024,[1.0%+]
2024-04-26,0.568,gap_up,False,,2024,[0.4%-0.6%)
2024-04-29,0.36,gap_up,True,,2024,[0.2%-0.4%)
2024-04-30,0.2941,gap_down,False,,2024,[0.2%-0.4%)
2024-05-02,0.7595,gap_up,True,,2024,[0.6%-1.0%)
2024-05-03,1.2138,gap_up,False,,2024,[1.0%+]
2024-05-06,0.4811,gap_up,False,,2024,[0.4%-0.6%)
2024-05-08,0.3635,gap_down,True,,2024,[0.2%-0.4%)
2024-05-10,0.3153,gap_up,True,,2024,[0.2%-0.4%)
2024-05-13,0.3302,gap_up,True,,2024,[0.2%-0.4%)
2024-05-15,0.4835,gap_up,False,,2024,[0.4%-0.6%)
2024-05-23,0.5908,gap_up,True,,2024,[0.4%-0.6%)
2024-05-24,0.3593,gap_up,False,,2024,[0.2%-0.4%)
2024-05-29,0.7795,gap_down,False,,2024,[0.6%-1.0%)
2024-05-30,0.3003,gap_down,False,,2024,[0.2%-0.4%)
2024-06-03,0.3129,gap_up,True,,2024,[0.2%-0.4%)
2024-06-04,0.2539,gap_down,True,,2024,[0.2%-0.4%)
2024-06-05,0.4504,gap_up,False,,2024,[0.4%-0.6%)
2024-06-11,0.2968,gap_down,True,,2024,[0.2%-0.4%)
2024-06-12,0.8716,gap_up,False,,2024,[0.6%-1.0%)
2024-06-13,0.3307,gap_up,True,,2024,[0.2%-0.4%)
2024-06-14,0.2894,gap_down,True,,2024,[0.2%-0.4%)
2024-06-21,0.4753,gap_down,False,,2024,[0.4%-0.6%)
2024-06-25,0.2303,gap_up,True,,2024,[0.2%-0.4%)
2024-06-26,0.2092,gap_down,True,,2024,[0.2%-0.4%)
2024-07-01,0.2591,gap_up,True,,2024,[0.2%-0.4%)
2024-07-02,0.3007,gap_down,True,,2024,[0.2%-0.4%)
2024-07-10,0.2249,gap_up,False,,2024,[0.2%-0.4%)
2024-07-12,0.2067,gap_up,False,,2024,[0.2%-0.4%)
2024-07-15,0.3643,gap_up,True,,2024,[0.2%-0.4%)
2024-07-16,0.2386,gap_up,False,,2024,[0.2%-0.4%)
2024-07-17,1.0728,gap_down,False,,2024,[1.0%+]
2024-07-18,0.2819,gap_up,True,,2024,[0.2%-0.4%)
2024-07-22,0.7304,gap_up,False,,2024,[0.6%-1.0%)
2024-07-24,0.8884,gap_down,False,,2024,[0.6%-1.0%)
2024-07-26,0.7188,gap_up,False,,2024,[0.6%-1.0%)
2024-07-29,0.2902,gap_up,True,,2024,[0.2%-0.4%)
2024-07-30,0.2754,gap_up,True,,2024,[0.2%-0.4%)
2024-07-31,1.2878,gap_up,False,,2024,[1.0%+]
2024-08-01,0.3195,gap_up,True,,2024,[0.2%-0.4%)
2024-08-02,1.337,gap_down,False,,2024,[1.0%+]
2024-08-05,3.9895,gap_down,False,,2024,[1.0%+]
2024-08-06,0.3556,gap_up,False,,2024,[0.2%-0.4%)
2024-08-07,1.2104,gap_up,True,,2024,[1.0%+]
2024-08-08,1.0122,gap_up,False,,2024,[1.0%+]
2024-08-12,0.2289,gap_up,True,,2024,[0.2%-0.4%)
2024-08-13,0.6113,gap_up,False,,2024,[0.6%-1.0%)
2024-08-15,1.0575,gap_up,False,,2024,[1.0%+]
2024-08-16,0.2983,gap_down,True,,2024,[0.2%-0.4%)
2024-08-22,0.346,gap_up,True,,2024,[0.2%-0.4%)
2024-08-23,0.5951,gap_up,False,,2024,[0.4%-0.6%)
2024-08-27,0.2318,gap_down,True,,2024,[0.2%-0.4%)
2024-08-29,0.36,gap_up,True,,2024,[0.2%-0.4%)
2024-08-30,0.4334,gap_up,True,,2024,[0.4%-0.6%)
2024-09-03,0.5695,gap_down,False,,2024,[0.4%-0.6%)
2024-09-04,0.3405,gap_down,True,,2024,[0.2%-0.4%)
2024-09-09,0.7939,gap_up,False,,2024,[0.6%-1.0%)
2024-09-10,0.3569,gap_up,True,,2024,[0.2%-0.4%)
2024-09-17,0.4015,gap_up,True,,2024,[0.4%-0.6%)
2024-09-19,1.7118,gap_up,False,,2024,[1.0%+]
2024-09-20,0.5499,gap_down,False,,2024,[0.4%-0.6%)
2024-09-26,0.7614,gap_up,True,,2024,[0.6%-1.0%)
2024-10-03,0.2637,gap_down,True,,2024,[0.2%-0.4%)
2024-10-04,0.7978,gap_up,False,,2024,[0.6%-1.0%)
2024-10-07,0.2932,gap_down,False,,2024,[0.2%-0.4%)
2024-10-08,0.4614,gap_up,False,,2024,[0.4%-0.6%)
2024-10-10,0.2374,gap_down,True,,2024,[0.2%-0.4%)
2024-10-14,0.283,gap_up,False,,2024,[0.2%-0.4%)
2024-10-17,0.62,gap_up,True,,2024,[0.6%-1.0%)
2024-10-18,0.2954,gap_up,False,,2024,[0.2%-0.4%)
2024-10-22,0.4421,gap_down,True,,2024,[0.4%-0.6%)
2024-10-23,0.3532,gap_down,False,,2024,[0.2%-0.4%)
2024-10-24,0.3443,gap_up,True,,2024,[0.2%-0.4%)
2024-10-25,0.3919,gap_up,True,,2024,[0.2%-0.4%)
2024-10-28,0.6114,gap_up,False,,2024,[0.6%-1.0%)
2024-10-31,0.7672,gap_down,False,,2024,[0.6%-1.0%)
2024-11-01,0.4713,gap_up,False,,2024,[0.4%-0.6%)
2024-11-06,2.1675,gap_up,False,,2024,[1.0%+]
2024-11-07,0.3452,gap_up,False,,2024,[0.2%-0.4%)
2024-11-11,0.2708,gap_up,True,,2024,[0.2%-0.4%)
2024-11-15,0.6118,gap_down,False,,2024,[0.6%-1.0%)
2024-11-19,0.5849,gap_down,True,,2024,[0.4%-0.6%)
2024-11-21,0.4911,gap_up,True,,2024,[0.4%-0.6%)
2024-11-25,0.6734,gap_up,True,,2024,[0.6%-1.0%)
2024-11-26,0.2125,gap_up,False,,2024,[0.2%-0.4%)
2024-12-04,0.2848,gap_up,False,,2024,[0.2%-0.4%)
2024-12-11,0.4944,gap_up,False,,2024,[0.4%-0.6%)
2024-12-13,0.3425,gap_up,True,,2024,[0.2%-0.4%)
2024-12-16,0.2963,gap_up,False,,2024,[0.2%-0.4%)
2024-12-17,0.4285,gap_down,False,,2024,[0.4%-0.6%)
2024-12-19,0.8665,gap_up,True,,2024,[0.6%-1.0%)
2024-12-20,0.7388,gap_down,True,,2024,[0.6%-1.0%)
2024-12-24,0.2304,gap_up,False,,2024,[0.2%-0.4%)
2024-12-26,0.2993,gap_down,True,,2024,[0.2%-0.4%)
2024-12-27,0.6319,gap_down,False,,2024,[0.6%-1.0%)
2024-12-30,1.1966,gap_down,False,,2024,[1.0%+]
2024-12-31,0.2873,gap_up,True,,2024,[0.2%-0.4%)
2025-01-02,0.5648,gap_up,True,,2025,[0.4%-0.6%)
2025-01-03,0.4943,gap_up,False,,2025,[0.4%-0.6%)
2025-01-06,0.7298,gap_up,False,,2025,[0.6%-1.0%)
2025-01-07,0.346,gap_up,True,,2025,[0.2%-0.4%)
2025-01-10,0.6124,gap_down,False,,2025,[0.6%-1.0%)
2025-01-13,0.8131,gap_down,True,,2025,[0.6%-1.0%)
2025-01-14,0.5108,gap_up,True,,2025,[0.4%-0.6%)
2025-01-15,1.3982,gap_up,False,,2025,[1.0%+]
2025-01-16,0.2345,gap_up,True,,2025,[0.2%-0.4%)
2025-01-17,0.8992,gap_up,False,,2025,[0.6%-1.0%)
2025-01-21,0.5171,gap_up,False,,2025,[0.4%-0.6%)
2025-01-22,0.4759,gap_up,False,,2025,[0.4%-0.6%)
2025-01-27,2.1646,gap_down,False,,2025,[1.0%+]
2025-01-28,0.2086,gap_up,True,,2025,[0.2%-0.4%)
2025-01-30,0.3573,gap_up,True,,2025,[0.2%-0.4%)
2025-01-31,0.4066,gap_up,True,,2025,[0.4%-0.6%)
2025-02-03,1.5204,gap_down,False,,2025,[1.0%+]
2025-02-06,0.2929,gap_up,True,,2025,[0.2%-0.4%)
2025-02-10,0.5426,gap_up,False,,2025,[0.4%-0.6%)
2025-02-11,0.3803,gap_down,True,,2025,[0.2%-0.4%)
2025-02-12,1.0094,gap_down,False,,2025,[1.0%+]
2025-02-19,0.2306,gap_down,True,,2025,[0.2%-0.4%)
2025-02-20,0.2268,gap_down,False,,2025,[0.2%-0.4%)
2025-02-24,0.3467,gap_up,True,,2025,[0.2%-0.4%)
2025-02-26,0.2844,gap_up,True,,2025,[0.2%-0.4%)
2025-02-27,0.3885,gap_up,True,,2025,[0.2%-0.4%)
2025-03-03,0.3366,gap_up,True,,2025,[0.2%-0.4%)
2025-03-04,0.6955,gap_down,True,,2025,[0.6%-1.0%)
2025-03-06,1.3,gap_down,False,,2025,[1.0%+]
2025-03-07,0.316,gap_down,True,,2025,[0.2%-0.4%)
2025-03-10,1.4464,gap_down,False,,2025,[1.0%+]
2025-03-11,0.2105,gap_down,True,,2025,[0.2%-0.4%)
2025-03-12,1.1243,gap_up,True,,2025,[1.0%+]
2025-03-14,0.8505,gap_up,False,,2025,[0.6%-1.0%)
2025-03-18,0.4144,gap_down,False,,2025,[0.4%-0.6%)
2025-03-19,0.3226,gap_up,False,,2025,[0.2%-0.4%)
2025-03-20,0.67,gap_down,True,,2025,[0.6%-1.0%)
2025-03-21,1.0982,gap_down,False,,2025,[1.0%+]
2025-03-24,1.2093,gap_up,False,,2025,[1.0%+]
2025-03-25,0.2125,gap_up,True,,2025,[0.2%-0.4%)
2025-03-27,0.248,gap_down,True,,2025,[0.2%-0.4%)
2025-03-28,0.2733,gap_down,False,,2025,[0.2%-0.4%)
2025-03-31,1.0492,gap_down,True,,2025,[1.0%+]
2025-04-01,0.3468,gap_down,True,,2025,[0.2%-0.4%)
2025-04-02,1.0553,gap_down,True,,2025,[1.0%+]
2025-04-03,3.4383,gap_down,False,,2025,[1.0%+]
2025-04-04,2.4278,gap_down,False,,2025,[1.0%+]
2025-04-07,3.1844,gap_down,True,,2025,[1.0%+]
2025-04-08,3.4656,gap_up,True,,2025,[1.0%+]
2025-04-09,0.6123,gap_down,True,,2025,[0.6%-1.0%)
2025-04-10,2.9984,gap_down,False,,2025,[1.0%+]
2025-04-11,0.2993,gap_down,True,,2025,[0.2%-0.4%)
2025-04-14,1.8935,gap_up,True,,2025,[1.0%+]
2025-04-16,1.103,gap_down,True,,2025,[1.0%+]
2025-04-17,0.3767,gap_up,True,,2025,[0.2%-0.4%)
2025-04-21,0.9973,gap_down,False,,2025,[0.6%-1.0%)
2025-04-22,1.2182,gap_up,False,,2025,[1.0%+]
2025-04-23,2.4998,gap_up,False,,2025,[1.0%+]
2025-04-24,0.2428,gap_up,False,,2025,[0.2%-0.4%)
2025-04-29,0.3522,gap_down,True,,2025,[0.2%-0.4%)
2025-04-30,1.2177,gap_down,True,,2025,[1.0%+]
2025-05-01,1.0513,gap_up,False,,2025,[1.0%+]
2025-05-02,1.1209,gap_up,False,,2025,[1.0%+]
2025-05-05,0.7393,gap_down,False,,2025,[0.6%-1.0%)
2025-05-06,0.9902,gap_down,False,,2025,[0.6%-1.0%)
2025-05-07,0.2416,gap_up,True,,2025,[0.2%-0.4%)
2025-05-08,0.7289,gap_up,False,,2025,[0.6%-1.0%)
2025-05-09,0.2513,gap_up,True,,2025,[0.2%-0.4%)
2025-05-12,3.0354,gap_up,False,,2025,[1.0%+]
2025-05-15,0.3455,gap_down,True,,2025,[0.2%-0.4%)
2025-05-19,1.0266,gap_down,True,,2025,[1.0%+]
2025-05-20,0.2959,gap_down,False,,2025,[0.2%-0.4%)
2025-05-21,0.7439,gap_down,False,,2025,[0.6%-1.0%)
2025-05-23,1.2194,gap_down,False,,2025,[1.0%+]
2025-05-27,1.2018,gap_up,True,,2025,[1.0%+]
2025-05-29,0.9069,gap_up,True,,2025,[0.6%-1.0%)
2025-06-02,0.2766,gap_down,True,,2025,[0.2%-0.4%)
2025-06-05,0.2853,gap_up,True,,2025,[0.2%-0.4%)
2025-06-06,0.946,gap_up,False,,2025,[0.6%-1.0%)
2025-06-12,0.2245,gap_down,True,,2025,[0.2%-0.4%)
2025-06-13,0.8696,gap_down,False,,2025,[0.6%-1.0%)
2025-06-16,0.5695,gap_up,False,,2025,[0.4%-0.6%)
2025-06-17,0.4098,gap_down,False,,2025,[0.4%-0.6%)
2025-06-24,0.6965,gap_up,False,,2025,[0.6%-1.0%)
2025-06-26,0.308,gap_up,False,,2025,[0.2%-0.4%)
2025-06-30,0.4017,gap_up,False,,2025,[0.4%-0.6%)
2025-07-01,0.2412,gap_down,True,,2025,[0.2%-0.4%)
2025-07-03,0.3223,gap_up,False,,2025,[0.2%-0.4%)
2025-07-07,0.3166,gap_down,False,,2025,[0.2%-0.4%)
2025-07-09,0.3917,gap_up,False,,2025,[0.2%-0.4%)
2025-07-11,0.4922,gap_down,False,,2025,[0.4%-0.6%)
2025-07-15,0.4337,gap_up,True,,2025,[0.4%-0.6%)
2025-07-16,0.2572,gap_up,True,,2025,[0.2%-0.4%)
2025-07-18,0.2006,gap_up,True,,2025,[0.2%-0.4%)
2025-07-23,0.4278,gap_up,False,,2025,[0.4%-0.6%)
2025-07-29,0.2214,gap_up,True,,2025,[0.2%-0.4%)
2025-07-31,0.7881,gap_up,True,,2025,[0.6%-1.0%)
2025-08-01,0.9144,gap_down,False,,2025,[0.6%-1.0%)
2025-08-04,0.6353,gap_up,False,,2025,[0.6%-1.0%)
2025-08-07,0.5468,gap_up,True,,2025,[0.4%-0.6%)
2025-08-08,0.2863,gap_up,False,,2025,[0.2%-0.4%)
2025-08-12,0.3727,gap_up,False,,2025,[0.2%-0.4%)
2025-08-13,0.3454,gap_up,True,,2025,[0.2%-0.4%)
2025-08-14,0.3256,gap_down,True,,2025,[0.2%-0.4%)
2025-08-21,0.2868,gap_down,False,,2025,[0.2%-0.4%)
2025-08-22,0.3477,gap_up,False,,2025,[0.2%-0.4%)
2025-08-29,0.2235,gap_down,False,,2025,[0.2%-0.4%)
2025-09-02,1.1705,gap_down,False,,2025,[1.0%+]
2025-09-03,0.3748,gap_up,False,,2025,[0.2%-0.4%)
2025-09-05,0.3636,gap_up,True,,2025,[0.2%-0.4%)
2025-09-08,0.2132,gap_up,True,,2025,[0.2%-0.4%)
2025-09-10,0.5059,gap_up,False,,2025,[0.4%-0.6%)
2025-09-11,0.302,gap_up,False,,2025,[0.2%-0.4%)
2025-09-15,0.3392,gap_up,False,,2025,[0.2%-0.4%)
2025-09-18,0.4111,gap_up,False,,2025,[0.4%-0.6%)
2025-09-22,0.226,gap_down,True,,2025,[0.2%-0.4%)
2025-09-25,0.478,gap_down,False,,2025,[0.4%-0.6%)
2025-09-26,0.2219,gap_up,True,,2025,[0.2%-0.4%)
2025-09-29,0.3838,gap_up,False,,2025,[0.2%-0.4%)
2025-10-01,0.4518,gap_down,True,,2025,[0.4%-0.6%)
2025-10-02,0.2992,gap_up,True,,2025,[0.2%-0.4%)
2025-10-06,0.3601,gap_up,False,,2025,[0.2%-0.4%)
2025-10-13,1.1684,gap_up,False,,2025,[1.0%+]
2025-10-14,0.8853,gap_down,True,,2025,[0.6%-1.0%)
2025-10-15,0.6931,gap_up,True,,2025,[0.6%-1.0%)
2025-10-16,0.2481,gap_up,True,,2025,[0.2%-0.4%)
2025-10-20,0.441,gap_up,False,,2025,[0.4%-0.6%)
2025-10-24,0.6997,gap_up,False,,2025,[0.6%-1.0%)
2025-10-27,0.8092,gap_up,False,,2025,[0.6%-1.0%)
2025-10-28,0.2641,gap_up,True,,2025,[0.2%-0.4%)
2025-10-29,0.2416,gap_up,True,,2025,[0.2%-0.4%)
2025-10-30,0.5077,gap_down,False,,2025,[0.4%-0.6%)
2025-10-31,0.7664,gap_up,True,,2025,[0.6%-1.0%)
2025-11-03,0.5293,gap_up,True,,2025,[0.4%-0.6%)
2025-11-04,1.058,gap_down,False,,2025,[1.0%+]
2025-11-07,0.358,gap_down,True,,2025,[0.2%-0.4%)
2025-11-10,0.9345,gap_up,False,,2025,[0.6%-1.0%)
2025-11-11,0.2187,gap_down,True,,2025,[0.2%-0.4%)
2025-11-12,0.2621,gap_up,True,,2025,[0.2%-0.4%)
2025-11-13,0.4214,gap_down,False,,2025,[0.4%-0.6%)
2025-11-14,0.991,gap_down,True,,2025,[0.6%-1.0%)
2025-11-17,0.3319,gap_down,True,,2025,[0.2%-0.4%)
2025-11-18,0.5363,gap_down,False,,2025,[0.4%-0.6%)
2025-11-20,1.5514,gap_up,True,,2025,[1.0%+]
2025-11-21,0.3862,gap_up,True,,2025,[0.2%-0.4%)
2025-11-24,0.5554,gap_up,False,,2025,[0.4%-0.6%)
2025-11-26,0.3867,gap_up,False,,2025,[0.2%-0.4%)
2025-12-01,0.6702,gap_down,False,,2025,[0.6%-1.0%)
2025-12-02,0.2425,gap_up,True,,2025,[0.2%-0.4%)
2025-12-04,0.2062,gap_up,True,,2025,[0.2%-0.4%)
2025-12-11,0.3534,gap_down,True,,2025,[0.2%-0.4%)
2025-12-15,0.5838,gap_up,True,,2025,[0.4%-0.6%)
2025-12-16,0.2204,gap_down,True,,2025,[0.2%-0.4%)
2025-12-18,0.9234,gap_up,False,,2025,[0.6%-1.0%)
2025-12-22,0.4922,gap_up,True,,2025,[0.4%-0.6%)
2025-12-29,0.4013,gap_down,False,,2025,[0.4%-0.6%)
